{
  "corpus_label": "2MA",
  "corpus_size": 2000000,
  "eval_queries": 153,
  "artifact_size_mib": {
    "bm25_compact_mib": 663.54,
    "vector_faiss_mib": 2944.95,
    "vector_sq8_mib": 209.41,
    "docstore_mib": 469.29,
    "total_compact_with_sq8_mib": 1342.24
  },
  "document_counts": {
    "bm25": 1999950,
    "vector": 2000000,
    "docstore": 1999950
  },
  "systems": {
    "bm25": {
      "queries": 153,
      "ndcg_at_10": 0.1752501173694035,
      "mrr_at_10": 0.14230988691773006,
      "recall_at_100": 0.5620915032679739,
      "p50_ms": 32.81,
      "p95_ms": 64.45
    },
    "vector": {
      "queries": 153,
      "ndcg_at_10": 0.30509471961965845,
      "mrr_at_10": 0.24233841684822074,
      "recall_at_100": 0.8660130718954249,
      "p50_ms": 215.92,
      "p95_ms": 1218.71
    },
    "hybrid_rrf": {
      "queries": 153,
      "ndcg_at_10": 0.27578877792886475,
      "mrr_at_10": 0.22247121070650483,
      "recall_at_100": 0.8431372549019608,
      "p50_ms": 410.82,
      "p95_ms": 1355.02
    },
    "hybrid_rrf_bm25_050_vector_100": {
      "queries": 153,
      "ndcg_at_10": 0.3027843886527636,
      "mrr_at_10": 0.23819120240688868,
      "recall_at_100": 0.869281045751634,
      "p50_ms": 241.7,
      "p95_ms": 280.12
    },
    "hybrid_rrf_bm25_025_vector_100": {
      "queries": 153,
      "ndcg_at_10": 0.31389065056241283,
      "mrr_at_10": 0.24597209254072,
      "recall_at_100": 0.8660130718954249,
      "p50_ms": 1050.1,
      "p95_ms": 1207.97
    },
    "hybrid_rerank": {
      "queries": 100,
      "ndcg_at_10": 0.36069679137675154,
      "mrr_at_10": 0.2808134920634921,
      "recall_at_100": 0.62,
      "p50_ms": 1955.62,
      "p95_ms": 2196.24
    }
  }
}