{
  "corpus_label": "750k",
  "corpus_size": 750000,
  "eval_queries": 26,
  "artifact_size_mib": {
    "bm25_compact_mib": 268.19,
    "vector_faiss_mib": 1105.18,
    "vector_sq8_mib": 209.41,
    "docstore_mib": 174.77,
    "total_compact_with_sq8_mib": 652.37
  },
  "document_counts": {
    "bm25": 750560,
    "vector": 750560,
    "docstore": 750560
  },
  "systems": {
    "bm25": {
      "queries": 26,
      "ndcg_at_10": 0.14537415244963536,
      "mrr_at_10": 0.10645604395604394,
      "recall_at_100": 0.5769230769230769,
      "p50_ms": 10.64,
      "p95_ms": 17.45
    },
    "vector": {
      "queries": 26,
      "ndcg_at_10": 0.32006267631677043,
      "mrr_at_10": 0.24160561660561664,
      "recall_at_100": 0.9038461538461539,
      "p50_ms": 151.29,
      "p95_ms": 180.43
    },
    "hybrid_rrf": {
      "queries": 26,
      "ndcg_at_10": 0.19051099996529136,
      "mrr_at_10": 0.12126068376068376,
      "recall_at_100": 0.8653846153846154,
      "p50_ms": 169.43,
      "p95_ms": 193.72
    },
    "hybrid_rrf_bm25_050_vector_100": {
      "queries": 26,
      "ndcg_at_10": 0.20242262001897973,
      "mrr_at_10": 0.1351953601953602,
      "recall_at_100": 0.9038461538461539,
      "p50_ms": 173.84,
      "p95_ms": 218.91
    },
    "hybrid_rrf_bm25_025_vector_100": {
      "queries": 26,
      "ndcg_at_10": 0.24055729587890604,
      "mrr_at_10": 0.1494047619047619,
      "recall_at_100": 0.9038461538461539,
      "p50_ms": 182.03,
      "p95_ms": 205.52
    },
    "hybrid_rerank": {
      "queries": 26,
      "ndcg_at_10": 0.44700041490929315,
      "mrr_at_10": 0.3586538461538461,
      "recall_at_100": 0.7307692307692307,
      "p50_ms": 1080.05,
      "p95_ms": 1421.28
    }
  }
}